{"__type__":"cc.JsonAsset","_name":"RandomEvent","json":[{"ID":"1","Pic":"","QuestionTitle":"考考你！","QuestionContent":"聯合國永續發展目標簡稱是什麼？","YesText":"SOS","NoText":"SDGs","Society1":"0","Financial1":"0","Enviroment1":"-2250","Society2":"0","Financial2":"0","Enviroment2":"2250"},{"ID":"2","Pic":"","QuestionTitle":"考考你！","QuestionContent":"永續發展與經濟成長兩件事是衝突的。","YesText":"X","NoText":"O","Society1":"0","Financial1":"2250","Enviroment1":"0","Society2":"0","Financial2":"-2250","Enviroment2":"0"},{"ID":"3","Pic":"","QuestionTitle":"考考你！","QuestionContent":"設計產品時，就思考產品週期中不產生過度浪費，符合什麼理念？","YesText":"循環經濟","NoText":"線性經濟","Society1":"0","Financial1":"0","Enviroment1":"2250","Society2":"0","Financial2":"0","Enviroment2":"-2250"},{"ID":"4","Pic":"","QuestionTitle":"考考你！","QuestionContent":"銀行辦理融資，納入環境保護等審核條件，符合什麼原則？","YesText":"北極原則","NoText":"赤道原則","Society1":"0","Financial1":"-2250","Enviroment1":"0","Society2":"0","Financial2":"2250","Enviroment2":"0"},{"ID":"5","Pic":"","QuestionTitle":"考考你！","QuestionContent":"台灣訂定2050年碳排放將為2005年的多少%?","YesText":"50%","NoText":"15%","Society1":"2250","Financial1":"0","Enviroment1":"0","Society2":"-2250","Financial2":"0","Enviroment2":"0"},{"ID":"6","Pic":"","QuestionTitle":"考考你！","QuestionContent":"電業法修正後，只有台電能賣綠電。","YesText":"X","NoText":"O","Society1":"2250","Financial1":"0","Enviroment1":"0","Society2":"-2250","Financial2":"0","Enviroment2":"0"},{"ID":"7","Pic":"","QuestionTitle":"考考你！","QuestionContent":"「紙本電子發票」可以回收嗎？","YesText":"不行","NoText":"可以","Society1":"0","Financial1":"0","Enviroment1":"2250","Society2":"0","Financial2":"0","Enviroment2":"-2250"},{"ID":"8","Pic":"","QuestionTitle":"考考你！","QuestionContent":"哪種發電方式是利用再生能源？","YesText":"核能發電","NoText":"離岸風電","Society1":"0","Financial1":"0","Enviroment1":"-2250","Society2":"0","Financial2":"0","Enviroment2":"2250"},{"ID":"9","Pic":"","QuestionTitle":"考考你！","QuestionContent":"哪種肉類產生的碳排放比較多？","YesText":"豬肉","NoText":"牛肉","Society1":"0","Financial1":"0","Enviroment1":"-2250","Society2":"0","Financial2":"0","Enviroment2":"2250"},{"ID":"10","Pic":"","QuestionTitle":"考考你！","QuestionContent":"到哪個地方旅遊時，入境要簽署保護生態環境、尊重在地文化的誓詞？","YesText":"帛琉","NoText":"冰島","Society1":"2250","Financial1":"0","Enviroment1":"0","Society2":"-2250","Financial2":"0","Enviroment2":"0"},{"ID":"11","Pic":"","QuestionTitle":"考考你！","QuestionContent":"骨頭其實可以當作堆肥廚餘。","YesText":"O","NoText":"X","Society1":"0","Financial1":"0","Enviroment1":"2250","Society2":"0","Financial2":"0","Enviroment2":"-2250"},{"ID":"12","Pic":"","QuestionTitle":"考考你！","QuestionContent":"聯合國成員在2015年簽訂哪個協定，希望防止氣溫比工業化前高出攝氏2度以上。","YesText":"倫敦協定","NoText":"巴黎協定","Society1":"-2250","Financial1":"0","Enviroment1":"0","Society2":"2250","Financial2":"0","Enviroment2":"0"},{"ID":"13","Pic":"","QuestionTitle":"考考你！","QuestionContent":"哪個屬於會加劇氣候變遷的溫室氣體？","YesText":"二氧化硫","NoText":"甲烷","Society1":"0","Financial1":"0","Enviroment1":"-2250","Society2":"0","Financial2":"0","Enviroment2":"2250"},{"ID":"14","Pic":"","QuestionTitle":"考考你！","QuestionContent":"冰層融化後，可能發生哪件事？","YesText":"古代病毒復活","NoText":"北極熊居住地擴增","Society1":"2250","Financial1":"0","Enviroment1":"0","Society2":"-2250","Financial2":"0","Enviroment2":"0"},{"ID":"15","Pic":"","QuestionTitle":"考考你！","QuestionContent":"當夏天天氣驟冷，即代表全球暖化現象已經緩和？","YesText":"X","NoText":"O","Society1":"0","Financial1":"0","Enviroment1":"2250","Society2":"0","Financial2":"0","Enviroment2":"-2250"},{"ID":"16","Pic":"","QuestionTitle":"考考你！","QuestionContent":"台灣雖然年降雨量大，但水庫泥沙淤積、降雨季節集中，因此仍缺乏水資源。","YesText":"X","NoText":"O","Society1":"0","Financial1":"-2250","Enviroment1":"0","Society2":"0","Financial2":"2250","Enviroment2":"0"},{"ID":"17","Pic":"","QuestionTitle":"考考你！","QuestionContent":"氣候變遷提供蝗蟲更有利的繁殖條件，導致哪個問題變得嚴重？","YesText":"糧食短缺","NoText":"城鄉差距","Society1":"0","Financial1":"2250","Enviroment1":"0","Society2":"0","Financial2":"-2250","Enviroment2":"0"},{"ID":"18","Pic":"","QuestionTitle":"考考你！","QuestionContent":"台灣目前約多少%的能源仰賴進口？","YesText":"0.98","NoText":"0.5","Society1":"0","Financial1":"2250","Enviroment1":"0","Society2":"0","Financial2":"-2250","Enviroment2":"0"},{"ID":"19","Pic":"","QuestionTitle":"考考你！","QuestionContent":"哪裡被稱為地球之肺？","YesText":"非洲大草原","NoText":"亞馬遜雨林","Society1":"0","Financial1":"0","Enviroment1":"-2250","Society2":"0","Financial2":"0","Enviroment2":"2250"},{"ID":"20","Pic":"","QuestionTitle":"考考你！","QuestionContent":"「台灣海鮮選擇指南」將哪種海鮮列為「避免食用」？","YesText":"烏賊","NoText":"進口龍蝦","Society1":"2250","Financial1":"0","Enviroment1":"0","Society2":"-2250","Financial2":"0","Enviroment2":"0"},{"ID":"21","Pic":"","QuestionTitle":"考考你！","QuestionContent":"生產哪項產品會消耗比較多能源？","YesText":"棉質T-shirt","NoText":"人造絲襯衫","Society1":"0","Financial1":"2250","Enviroment1":"0","Society2":"0","Financial2":"-2250","Enviroment2":"0"},{"ID":"22","Pic":"","QuestionTitle":"考考你！","QuestionContent":"熱浪會對人體健康造成什麼影響？","YesText":"牙周病","NoText":"熱中暑","Society1":"-2250","Financial1":"0","Enviroment1":"0","Society2":"2250","Financial2":"0","Enviroment2":"0"},{"ID":"23","Pic":"","QuestionTitle":"考考你！","QuestionContent":"「2018永續城市指數」(SCI)報告中，全球最永續的城市為？","YesText":"馬尼拉","NoText":"倫敦","Society1":"-2250","Financial1":"0","Enviroment1":"0","Society2":"2250","Financial2":"0","Enviroment2":"0"},{"ID":"24","Pic":"","QuestionTitle":"考考你！","QuestionContent":"哪個國家的人均碳排放量最高？","YesText":"美國","NoText":"中國","Society1":"2250","Financial1":"0","Enviroment1":"0","Society2":"-2250","Financial2":"0","Enviroment2":"0"},{"ID":"25","Pic":"","QuestionTitle":"考考你！","QuestionContent":"「2018永續城市指數」(SCI)報告中，台北是否有名列亞洲前五？","YesText":"O","NoText":"X","Society1":"0","Financial1":"0","Enviroment1":"2250","Society2":"0","Financial2":"0","Enviroment2":"-2250"},{"ID":"26","Pic":"","QuestionTitle":"考考你！","QuestionContent":"台灣平均每年每人用掉幾支寶特瓶？","YesText":"200","NoText":"20","Society1":"0","Financial1":"2250","Enviroment1":"0","Society2":"0","Financial2":"-2250","Enviroment2":"0"}]}