{"__type__":"cc.JsonAsset","_name":"KingTitle","json":[{"ID":"1","MonthMin":"0","Condition":"1","TextContent":"貪心的顧問"},{"ID":"2","MonthMin":"0","Condition":"2","TextContent":"不擅理財的顧問"},{"ID":"3","MonthMin":"0","Condition":"3","TextContent":"無心工作的顧問"},{"ID":"4","MonthMin":"4","Condition":"1","TextContent":"向錢看的顧問"},{"ID":"5","MonthMin":"4","Condition":"2","TextContent":"揮金如土的顧問"},{"ID":"6","MonthMin":"4","Condition":"3","TextContent":"叢林法則的顧問"},{"ID":"7","MonthMin":"8","Condition":"1","TextContent":"滿腦子錢的顧問"},{"ID":"8","MonthMin":"8","Condition":"2","TextContent":"寅吃卯糧的顧問"},{"ID":"9","MonthMin":"8","Condition":"3","TextContent":"肉弱強食的顧問"},{"ID":"10","MonthMin":"12","Condition":"1","TextContent":"金錢至上的顧問"},{"ID":"11","MonthMin":"12","Condition":"2","TextContent":"收支難平的顧問"},{"ID":"12","MonthMin":"12","Condition":"3","TextContent":"忽視人民的顧問"},{"ID":"13","MonthMin":"16","Condition":"1","TextContent":"急功進利的顧問"},{"ID":"14","MonthMin":"16","Condition":"2","TextContent":"國庫空虛的顧問"},{"ID":"15","MonthMin":"16","Condition":"3","TextContent":"力有未逮的顧問"},{"ID":"16","MonthMin":"24","Condition":"1","TextContent":"量入未出的顧問"},{"ID":"17","MonthMin":"24","Condition":"2","TextContent":"愛鄉愛民的顧問"},{"ID":"18","MonthMin":"24","Condition":"3","TextContent":"國力提升的顧問"},{"ID":"19","MonthMin":"30","Condition":"1","TextContent":"富民強兵的顧問"},{"ID":"20","MonthMin":"30","Condition":"2","TextContent":"愛民如子的顧問"},{"ID":"21","MonthMin":"30","Condition":"3","TextContent":"師法自然的顧問"},{"ID":"22","MonthMin":"40","Condition":"1","TextContent":"擅用資源的顧問"},{"ID":"23","MonthMin":"40","Condition":"2","TextContent":"環保尖兵的顧問"},{"ID":"24","MonthMin":"40","Condition":"3","TextContent":"王者之師的顧問"},{"ID":"28","MonthMin":"50","Condition":"1","TextContent":"點石成金的顧問"},{"ID":"29","MonthMin":"50","Condition":"2","TextContent":"自然有序的顧問"},{"ID":"30","MonthMin":"50","Condition":"3","TextContent":"軍容壯盛的顧問"},{"ID":"31","MonthMin":"60","Condition":"1","TextContent":"國祚綿長的顧問"},{"ID":"32","MonthMin":"60","Condition":"2","TextContent":"無為永治的顧問"},{"ID":"33","MonthMin":"60","Condition":"3","TextContent":"永居高位的顧問"}]}