{"__type__":"cc.JsonAsset","_name":"RandomQuestion","json":[{"ID":"1","Character":"ui_icon_headshot01","QuestionTitle":"潔淨水","QuestionContent":"喝好水很重要，政府應該要補助人民安裝淨水設備，讓所有市民都有好水喝！","YesText":"好喔","NoText":"不要","Society1":"900","Financial1":"450","Enviroment1":"0","Society2":"-900","Financial2":"0","Enviroment2":"0"},{"ID":"2","Character":"ui_icon_headshot01","QuestionTitle":"污水處理","QuestionContent":"不起眼但很重要，政府一定要多撥款建設、加強污水下水道處理工程呀！","YesText":"同意","NoText":"不同意","Society1":"450","Financial1":"-900","Enviroment1":"450","Society2":"-900","Financial2":"0","Enviroment2":"0"},{"ID":"3","Character":"ui_icon_headshot04","QuestionTitle":"離岸風電","QuestionContent":"我們應該大舉建設離岸風電，將環保進行到底！","YesText":"好的","NoText":"我再想想","Society1":"450","Financial1":"-450","Enviroment1":"450","Society2":"-450","Financial2":"0","Enviroment2":"0"},{"ID":"4","Character":"ui_icon_headshot02","QuestionTitle":"綠色創新","QuestionContent":"研發綠色創新材料要投入大量時間與成本，還是緩緩吧？","YesText":"贊同","NoText":"不行","Society1":"450","Financial1":"0","Enviroment1":"-450","Society2":"-450","Financial2":"-450","Enviroment2":"900"},{"ID":"5","Character":"ui_icon_headshot01","QuestionTitle":"生態旅遊","QuestionContent":"動物被關在動物園真是太可憐了，還是觀光保育區好，既能養育生物又能推動生態教育","YesText":"好主意","NoText":"不行","Society1":"450","Financial1":"-900","Enviroment1":"900","Society2":"-450","Financial2":"0","Enviroment2":"0"},{"ID":"6","Character":"ui_icon_headshot02","QuestionTitle":"綠建築","QuestionContent":"工程就是要講求CP值，綠建築什麼的以後再研究吧。","YesText":"有道理","NoText":"才不是","Society1":"0","Financial1":"450","Enviroment1":"-900","Society2":"0","Financial2":"-900","Enviroment2":"1350"},{"ID":"7","Character":"ui_icon_headshot01","QuestionTitle":"包裝減量","QuestionContent":"東西實用最重要，過多的包裝十分不必要，來推動包裝減量吧？","YesText":"好呀","NoText":"不要","Society1":"450","Financial1":"450","Enviroment1":"450","Society2":"0","Financial2":"0","Enviroment2":"0"},{"ID":"8","Character":"ui_icon_headshot01","QuestionTitle":"環保服飾","QuestionContent":"快時尚真浪費，舊衣改造都還能穿，還能減少汙染創造新價值呢！","YesText":"沒錯","NoText":"不好吧","Society1":"-450","Financial1":"0","Enviroment1":"0","Society2":"900","Financial2":"-900","Enviroment2":"0"},{"ID":"9","Character":"ui_icon_headshot04","QuestionTitle":"空氣污染","QuestionContent":"空氣髒到讓人受不了，可以減少燃煤使用和減少工廠運作嗎？","YesText":"可以喔","NoText":"不好吧","Society1":"900","Financial1":"-450","Enviroment1":"450","Society2":"-900","Financial2":"900","Enviroment2":"-900"},{"ID":"10","Character":"ui_icon_headshot03","QuestionTitle":"有機飲食","QuestionContent":"應該推廣不使用農藥的有機耕種，可以保護生態，全民也吃得健康～～","YesText":"贊同","NoText":"沒必要","Society1":"450","Financial1":"-450","Enviroment1":"450","Society2":"-450","Financial2":"450","Enviroment2":"-900"},{"ID":"11","Character":"ui_icon_headshot01","QuestionTitle":"綠色消費","QuestionContent":"農業佔整體碳排放量15%，養牛的排放量又比豬和雞多，應該推動大家少吃碳排放量較高的食物","YesText":"有道理","NoText":"沒必要","Society1":"-900","Financial1":"-450","Enviroment1":"900","Society2":"450","Financial2":"450","Enviroment2":"-900"},{"ID":"12","Character":"ui_icon_headshot02","QuestionTitle":"吸管","QuestionContent":"使用原本的吸管就好了，我不認為環保吸管真的很環保","YesText":"確實如此","NoText":"才不是","Society1":"450","Financial1":"450","Enviroment1":"-1350","Society2":"0","Financial2":"-450","Enviroment2":"900"},{"ID":"13","Character":"ui_icon_headshot01","QuestionTitle":"漁業廢棄物","QuestionContent":"漁業活動讓海洋裡出現廢棄漁網、浮具，政府要撥經費將其回收再利用嗎？","YesText":"好的","NoText":"不要","Society1":"450","Financial1":"-1350","Enviroment1":"0","Society2":"-900","Financial2":"0","Enviroment2":"-450"},{"ID":"14","Character":"ui_icon_headshot01","QuestionTitle":"漁業資源","QuestionContent":"漁業資源枯竭，魚群快速的消失，要降低捕撈活動嗎？","YesText":"好的","NoText":"不要","Society1":"-900","Financial1":"-450","Enviroment1":"1350","Society2":"0","Financial2":"450","Enviroment2":"-900"},{"ID":"15","Character":"ui_icon_headshot01","QuestionTitle":"森林消失","QuestionContent":"森林需要數十、數百年才能養成，為了一時的利益，讓林地面積減少是不明智的！","YesText":"有道理","NoText":"才怪哩","Society1":"-450","Financial1":"-450","Enviroment1":"900","Society2":"450","Financial2":"450","Enviroment2":"-900"},{"ID":"16","Character":"ui_icon_headshot01","QuestionTitle":"畜牧廢棄物","QuestionContent":"農業和畜牧業產生許多禽畜糞便、果渣，試著把它們做成再生能源原料如何？","YesText":"好主意","NoText":"沒必要","Society1":"450","Financial1":"-900","Enviroment1":"900","Society2":"-450","Financial2":"900","Enviroment2":"-450"},{"ID":"17","Character":"ui_icon_headshot04","QuestionTitle":"塑膠微粒","QuestionContent":"聽說很多日常用品中含有塑膠微粒，使用後流到大海中危害海洋生物，進而又傷害食用海洋生物的我們，應該撥一筆經費研發解決","YesText":"好的","NoText":"我再想想","Society1":"0","Financial1":"-1350","Enviroment1":"900","Society2":"0","Financial2":"0","Enviroment2":"-450"},{"ID":"18","Character":"ui_icon_headshot01","QuestionTitle":"永續海鮮","QuestionContent":"政府應該要推動大眾參考「海鮮選購指南」選購食材，不挑選、食用瀕危的海洋生物","YesText":"有道理","NoText":"沒必要","Society1":"-450","Financial1":"-450","Enviroment1":"450","Society2":"0","Financial2":"0","Enviroment2":"-450"},{"ID":"19","Character":"ui_icon_headshot04","QuestionTitle":"電子載具","QuestionContent":"發票使用電子載具太讚了，既不製造垃圾對獎又方便，應該要推廣大家使用！","YesText":"沒錯","NoText":"沒必要","Society1":"450","Financial1":"-900","Enviroment1":"450","Society2":"0","Financial2":"0","Enviroment2":"-450"},{"ID":"20","Character":"ui_icon_headshot03","QuestionTitle":"鯨豚擱淺","QuestionContent":"電視上說最近好多隻鯨豚在岸上擱淺，實在可憐，快點救救他們吧！","YesText":"好的","NoText":"不需要","Society1":"0","Financial1":"-900","Enviroment1":"450","Society2":"-450","Financial2":"450","Enviroment2":"-450"},{"ID":"21","Character":"ui_icon_headshot01","QuestionTitle":"廢棄物回收","QuestionContent":"政府應要求業者，研發廢棄物回收再利用技術，並減少生產時產生的浪費","YesText":"好喔","NoText":"不需要","Society1":"450","Financial1":"-1350","Enviroment1":"900","Society2":"0","Financial2":"450","Enviroment2":"-900"},{"ID":"22","Character":"ui_icon_headshot02","QuestionTitle":"環保材質","QuestionContent":"研發環保材質並不等於減少廢棄物產生，重點是要經過精密的計算與設計","YesText":"沒錯","NoText":"不需要","Society1":"450","Financial1":"0","Enviroment1":"450","Society2":"0","Financial2":"0","Enviroment2":"0"},{"ID":"23","Character":"ui_icon_headshot04","QuestionTitle":"水質","QuestionContent":"水是生命的泉源，政府應投入經費，淨化河川，還給河川乾淨的水質","YesText":"就這麼做","NoText":"不需要","Society1":"450","Financial1":"-900","Enviroment1":"1350","Society2":"-450","Financial2":"450","Enviroment2":"-900"},{"ID":"24","Character":"ui_icon_headshot02","QuestionTitle":"太陽能發電","QuestionContent":"太陽能板本身就是個具大垃圾，供電量又少，完全是個浪費錢的傻瓜投資","YesText":"確實如此","NoText":"不是吧","Society1":"450","Financial1":"450","Enviroment1":"-900","Society2":"0","Financial2":"450","Enviroment2":"-900"},{"ID":"25","Character":"ui_icon_headshot02","QuestionTitle":"觀光","QuestionContent":"這一片好山好水，應該開條公路讓發展觀光，活絡當地經濟","YesText":"好主意","NoText":"才不要","Society1":"0","Financial1":"0","Enviroment1":"0","Society2":"900","Financial2":"900","Enviroment2":"-1350"},{"ID":"26","Character":"ui_icon_headshot03","QuestionTitle":"綠電","QuestionContent":"都使用綠電好呀！雖然對我們來說，是不是綠電不重要，重要的是電價愈便宜愈好～","YesText":"真的","NoText":"不是吧","Society1":"450","Financial1":"-900","Enviroment1":"450","Society2":"0","Financial2":"450","Enviroment2":"-900"},{"ID":"27","Character":"ui_icon_headshot03","QuestionTitle":"糧食短缺","QuestionContent":"希望政府推動「食物銀行」，結合量販與餐飲業者，將可以吃卻要報廢的食物，及時送到需要的人手中","YesText":"好的","NoText":"我再想想","Society1":"450","Financial1":"-1350","Enviroment1":"450","Society2":"-450","Financial2":"0","Enviroment2":"-450"},{"ID":"28","Character":"ui_icon_headshot01","QuestionTitle":"再生能源","QuestionContent":"政府應該要要求在閒置的農舍或牧地上，建造太陽發電板，活用再生能源","YesText":"好喔","NoText":"不是吧","Society1":"-450","Financial1":"-900","Enviroment1":"900","Society2":"0","Financial2":"0","Enviroment2":"-450"},{"ID":"29","Character":"ui_icon_headshot04","QuestionTitle":"循環經濟","QuestionContent":"共享單車真的好方便，由政府營運維修，使用者不用愁，應該要在所有都市都設置","YesText":"好喔","NoText":"我再想想","Society1":"0","Financial1":"-1800","Enviroment1":"900","Society2":"0","Financial2":"450","Enviroment2":"-900"},{"ID":"30","Character":"ui_icon_headshot03","QuestionTitle":"環保法規","QuestionContent":"附近工廠老在半夜偷排廢水，河川都看不到魚蝦了，政府應該把這些無良商人抓起來～","YesText":"好喔","NoText":"不要","Society1":"0","Financial1":"-900","Enviroment1":"0","Society2":"-450","Financial2":"0","Enviroment2":"-1350"},{"ID":"31","Character":"ui_icon_headshot01","QuestionTitle":"溫室氣體減量","QuestionContent":"政府應該立預算建立物流管理系統，規劃配送最佳路線，讓車輛的溫室氣體排放減量","YesText":"有道理","NoText":"我再想想","Society1":"450","Financial1":"-900","Enviroment1":"450","Society2":"0","Financial2":"0","Enviroment2":"-450"},{"ID":"32","Character":"ui_icon_headshot01","QuestionTitle":"生態浩劫","QuestionContent":"天氣乾燥炎熱會造成森林火災，應該要預先規劃防制與搶救措施","YesText":"有道理","NoText":"不要","Society1":"0","Financial1":"-900","Enviroment1":"450","Society2":"-450","Financial2":"0","Enviroment2":"-450"},{"ID":"33","Character":"ui_icon_headshot04","QuestionTitle":"噪音汙染","QuestionContent":"住在鄰近公路周邊，每天都被吵得睡不著，希望政府補助我們汰換氣密窗，讓我們睡飽美容覺","YesText":"可以","NoText":"不要","Society1":"900","Financial1":"-900","Enviroment1":"0","Society2":"-1350","Financial2":"0","Enviroment2":"0"},{"ID":"34","Character":"ui_icon_headshot02","QuestionTitle":"碳足跡","QuestionContent":"「碳足跡」是個假議題，不要浪費時間去計算什麼碳排放了，毫無意義","YesText":"真的","NoText":"不是吧","Society1":"450","Financial1":"0","Enviroment1":"-900","Society2":"0","Financial2":"-900","Enviroment2":"450"},{"ID":"35","Character":"ui_icon_headshot04","QuestionTitle":"電動機車","QuestionContent":"二行程機車排放廢氣造成空氣汙染，政府應該要推出補助措施，讓大家舊車換電動車","YesText":"好喔","NoText":"不要","Society1":"0","Financial1":"-1350","Enviroment1":"900","Society2":"0","Financial2":"0","Enviroment2":"-1350"},{"ID":"36","Character":"ui_icon_headshot03","QuestionTitle":"極端天氣","QuestionContent":"最近一直下大雨，政府應該要換透水的材料蓋柏油路，不然淹水好麻煩的～","YesText":"就這麼做","NoText":"我再想想","Society1":"0","Financial1":"-1800","Enviroment1":"1800","Society2":"0","Financial2":"0","Enviroment2":"-1350"},{"ID":"37","Character":"ui_icon_headshot03","QuestionTitle":"食物里程","QuestionContent":"政府應鼓勵大家多吃當季的在地農產，新鮮營養安全，還不用額外花費資源在運送、配送上","YesText":"有道理","NoText":"才不是","Society1":"0","Financial1":"450","Enviroment1":"0","Society2":"0","Financial2":"-900","Enviroment2":"0"},{"ID":"38","Character":"ui_icon_headshot01","QuestionTitle":"蜜蜂","QuestionContent":"化學肥料影響蜜蜂生態，連帶影響授粉與作物收成，應該要嚴格禁止使用","YesText":"有道理","NoText":"不會吧","Society1":"-900","Financial1":"-900","Enviroment1":"1350","Society2":"450","Financial2":"0","Enviroment2":"-1350"},{"ID":"39","Character":"ui_icon_headshot02","QuestionTitle":"碳稅","QuestionContent":"反對課「碳稅」，沒有合理的基準，會讓企業無所適從，說穿了就是政府想多收稅金罷了，您說是吧？","YesText":"真的","NoText":"才不是","Society1":"1350","Financial1":"-900","Enviroment1":"-900","Society2":"-900","Financial2":"900","Enviroment2":"450"},{"ID":"40","Character":"ui_icon_headshot02","QuestionTitle":"自然保留區","QuestionContent":"我反對在這裡設立國家保留區，不但限制當地建設，還影響稀有資源開採","YesText":"有道理","NoText":"不是吧","Society1":"450","Financial1":"450","Enviroment1":"-1800","Society2":"-450","Financial2":"-900","Enviroment2":"900"},{"ID":"41","Character":"ui_icon_headshot03","QuestionTitle":"社會救助","QuestionContent":"世道不好，許多低收入戶、急難家庭需要協助！政府應擴大辦理社會救助，拉他們一把","YesText":"就這麼做","NoText":"我再想想","Society1":"900","Financial1":"-1350","Enviroment1":"0","Society2":"-900","Financial2":"0","Enviroment2":"0"},{"ID":"42","Character":"ui_icon_headshot02","QuestionTitle":"社會住宅","QuestionContent":"房地產是經濟的火車頭，精華區域有限，社會住宅蓋在郊區比較適合","YesText":"沒錯","NoText":"不是","Society1":"0","Financial1":"-900","Enviroment1":"-900","Society2":"0","Financial2":"0","Enviroment2":"450"},{"ID":"43","Character":"ui_icon_headshot03","QuestionTitle":"長照","QuestionContent":"每個人都會老，政府應該撥更多預算，增建長照設施，減輕家人的負擔~","YesText":"有道理","NoText":"才不是","Society1":"900","Financial1":"-1350","Enviroment1":"0","Society2":"-900","Financial2":"0","Enviroment2":"0"},{"ID":"44","Character":"ui_icon_headshot02","QuestionTitle":"自殺問題","QuestionContent":"叢林法則沒什麼不對，自殺防治中心其實也幫不上什麼實質的忙，您說是吧？","YesText":"真的","NoText":"才不是","Society1":"-1350","Financial1":"450","Enviroment1":"0","Society2":"450","Financial2":"-900","Enviroment2":"0"},{"ID":"45","Character":"ui_icon_headshot03","QuestionTitle":"兒少福利","QuestionContent":"雖然國家財政吃緊，但是兒少福利花費可不能省，年輕孩子們是我們的未來戰力！","YesText":"沒錯","NoText":"我再想想","Society1":"450","Financial1":"-900","Enviroment1":"0","Society2":"-900","Financial2":"0","Enviroment2":"0"},{"ID":"46","Character":"ui_icon_headshot03","QuestionTitle":"無障礙設施","QuestionContent":"出遊時，景點經常沒有坡道、扶手、升降設備，對身障者與我們老人家來太危險了…希望政府幫我們多增設無障礙設施～","YesText":"沒錯","NoText":"我再想想","Society1":"900","Financial1":"-1350","Enviroment1":"0","Society2":"-450","Financial2":"0","Enviroment2":"0"},{"ID":"47","Character":"ui_icon_headshot04","QuestionTitle":"青少年犯罪","QuestionContent":"最近青少年犯罪率上升，需要學校、社區以及企業攜手，一起陪伴這些孩子們…","YesText":"有道理","NoText":"我再想想","Society1":"450","Financial1":"-1350","Enviroment1":"0","Society2":"-900","Financial2":"450","Enviroment2":"0"},{"ID":"48","Character":"ui_icon_headshot04","QuestionTitle":"教育平等","QuestionContent":"偏鄉的小朋友，在親職、學習與課外資源上都不足，政府對偏鄉的孩子們多投入輔導資源","YesText":"好的","NoText":"不要","Society1":"450","Financial1":"-900","Enviroment1":"0","Society2":"-900","Financial2":"0","Enviroment2":"0"},{"ID":"49","Character":"ui_icon_headshot04","QuestionTitle":"失業救助","QuestionContent":"失業率上升，政府該加強人才訓練和紓困來保障勞工生活！","YesText":"有道理","NoText":"我再想想","Society1":"900","Financial1":"-1350","Enviroment1":"0","Society2":"-1350","Financial2":"450","Enviroment2":"0"},{"ID":"50","Character":"ui_icon_headshot03","QuestionTitle":"災後","QuestionContent":"營造業者有能力、有財力，應該讓他們為校園與弱勢受災戶提供公益修繕服務","YesText":"有道理","NoText":"我再想想","Society1":"450","Financial1":"-900","Enviroment1":"0","Society2":"-1350","Financial2":"450","Enviroment2":"0"},{"ID":"51","Character":"ui_icon_headshot04","QuestionTitle":"多元文化","QuestionContent":"希望政府可以撥經費，推廣多彩多姿的原住民文化","YesText":"好喔","NoText":"我再想想","Society1":"1350","Financial1":"-900","Enviroment1":"0","Society2":"-900","Financial2":"0","Enviroment2":"0"},{"ID":"52","Character":"ui_icon_headshot03","QuestionTitle":"剩食","QuestionContent":"台灣每年有300輛卡車的剩食量，應該建立食物銀行，好好調配食物，讓貧困家庭或獨居的老人有熱飯吃","YesText":"有道理","NoText":"我再想想","Society1":"900","Financial1":"-1350","Enviroment1":"900","Society2":"-450","Financial2":"0","Enviroment2":"-900"},{"ID":"53","Character":"ui_icon_headshot04","QuestionTitle":"教育平等","QuestionContent":"對於網路與硬體設備不足的家庭來說，線上化教學根本是剝奪他們學習的權利，政府應該要補助購買軟硬體！","YesText":"好的","NoText":"我再想想","Society1":"450","Financial1":"-900","Enviroment1":"0","Society2":"-900","Financial2":"450","Enviroment2":"0"},{"ID":"54","Character":"ui_icon_headshot03","QuestionTitle":"在地文化","QuestionContent":"傳統文化是我們的寶貝，政府應該要幫助在地居民深入了解自己歷史","YesText":"就這麼做","NoText":"沒必要","Society1":"1350","Financial1":"-900","Enviroment1":"0","Society2":"-450","Financial2":"0","Enviroment2":"0"},{"ID":"55","Character":"ui_icon_headshot03","QuestionTitle":"罕見疾病","QuestionContent":"雖然健保資源是有限的，但是還是希望政府能夠幫幫罕見疾病患者，讓患者和家人能夠安心和疾病戰鬥～","YesText":"有道理","NoText":"才不是","Society1":"900","Financial1":"-1800","Enviroment1":"0","Society2":"-1350","Financial2":"0","Enviroment2":"0"},{"ID":"56","Character":"ui_icon_headshot02","QuestionTitle":"窮人銀行","QuestionContent":"法律之前人人平等，銀行也要考慮到回收到風險，窮人有其他方式救助，低利貸款是行不通的","YesText":"有道理","NoText":"才不是","Society1":"-900","Financial1":"450","Enviroment1":"0","Society2":"900","Financial2":"-1350","Enviroment2":"0"},{"ID":"57","Character":"ui_icon_headshot04","QuestionTitle":"勞動權益","QuestionContent":"政府應該要強力執行勞檢，保障勞工相關權利","YesText":"好的","NoText":"不要","Society1":"450","Financial1":"-1350","Enviroment1":"0","Society2":"-450","Financial2":"0","Enviroment2":"0"},{"ID":"58","Character":"ui_icon_headshot04","QuestionTitle":"性別","QuestionContent":"政府應該多推行、舉辦性別平等與認同的活動，增進不同特質的人互相了解","YesText":"就這麼做","NoText":"我再想想","Society1":"900","Financial1":"-900","Enviroment1":"0","Society2":"0","Financial2":"0","Enviroment2":"0"},{"ID":"59","Character":"ui_icon_headshot03","QuestionTitle":"失智關懷","QuestionContent":"65歲以上老年人，20人中就有1人罹患失智症，希望政府立預算推動失智關懷服務～","YesText":"好的","NoText":"不要","Society1":"900","Financial1":"-1350","Enviroment1":"0","Society2":"-1350","Financial2":"0","Enviroment2":"0"},{"ID":"60","Character":"ui_icon_headshot02","QuestionTitle":"職業訓練","QuestionContent":"產學充份結合，畢業理論上就是即戰力了，職業訓練什麼的，不太必要了吧？","YesText":"沒錯","NoText":"才不是","Society1":"-1800","Financial1":"900","Enviroment1":"0","Society2":"1350","Financial2":"-1350","Enviroment2":"0"},{"ID":"61","Character":"ui_icon_headshot04","QuestionTitle":"新創空間","QuestionContent":"政府應該要打造新創空間，結合新創、社會企業、非營利組織的力量，一同改變社會","YesText":"好主意","NoText":"沒必要","Society1":"900","Financial1":"-1350","Enviroment1":"0","Society2":"-900","Financial2":"450","Enviroment2":"0"},{"ID":"62","Character":"ui_icon_headshot04","QuestionTitle":"大學社會責任","QuestionContent":"應該要結合大學與社區資源，推出具有在地與大學社會責任的方案","YesText":"好的","NoText":"不要","Society1":"900","Financial1":"-1800","Enviroment1":"0","Society2":"-900","Financial2":"450","Enviroment2":"0"},{"ID":"63","Character":"ui_icon_headshot01","QuestionTitle":"工廠生產","QuestionContent":"應該要推動產業轉型，不要再蓋更多的工廠，造成河流、空氣的污染了","YesText":"好的","NoText":"不要","Society1":"450","Financial1":"-1350","Enviroment1":"1350","Society2":"-900","Financial2":"900","Enviroment2":"-1350"},{"ID":"64","Character":"ui_icon_headshot02","QuestionTitle":"土地開發","QuestionContent":"國家要富強，當然要開發更多土地，建造工廠及其他硬體建築來發展經濟","YesText":"真的","NoText":"不太好","Society1":"-900","Financial1":"1350","Enviroment1":"-1350","Society2":"450","Financial2":"-450","Enviroment2":"900"},{"ID":"65","Character":"ui_icon_headshot02","QuestionTitle":"科技園區","QuestionContent":"希望能多蓋幾座科技園區，全球產業鏈中，台灣不該缺席","YesText":"好的","NoText":"我再想想","Society1":"1350","Financial1":"-900","Enviroment1":"-450","Society2":"-450","Financial2":"450","Enviroment2":"0"},{"ID":"66","Character":"ui_icon_headshot04","QuestionTitle":"大眾運輸","QuestionContent":"大眾運輸可分流交通人潮，還能減少碳排放，雖然會花很多錢但應該要做！","YesText":"就這麼做","NoText":"我再想想","Society1":"0","Financial1":"-1800","Enviroment1":"1350","Society2":"0","Financial2":"900","Enviroment2":"-900"},{"ID":"67","Character":"ui_icon_headshot03","QuestionTitle":"災後","QuestionContent":"地震後房屋倒塌、斷電停水、人民無法維持正常生活，應該要盡速緊急救助？","YesText":"即刻去做","NoText":"我再想想","Society1":"900","Financial1":"-1350","Enviroment1":"0","Society2":"-900","Financial2":"450","Enviroment2":"0"},{"ID":"68","Character":"ui_icon_headshot01","QuestionTitle":"熱浪","QuestionContent":"熱浪來襲，但發電廠冷卻液的溫度過高，必須暫時關閉以免有安全疑慮！","YesText":"即刻去做","NoText":"不太好","Society1":"-450","Financial1":"-900","Enviroment1":"1350","Society2":"0","Financial2":"450","Enviroment2":"-1800"},{"ID":"69","Character":"ui_icon_headshot04","QuestionTitle":"紓困","QuestionContent":"未知傳染病導致企業無法開工，造成失業潮，希望政府紓困方案幫助勞工","YesText":"即刻去做","NoText":"我再想想","Society1":"900","Financial1":"-2250","Enviroment1":"0","Society2":"-1350","Financial2":"0","Enviroment2":"0"},{"ID":"70","Character":"ui_icon_headshot03","QuestionTitle":"漁業捕撈","QuestionContent":"政府應該協助漁民撈補海洋漁獲，否則漁獲都要被別國搶先奪取了！","YesText":"好喔","NoText":"不要","Society1":"900","Financial1":"-900","Enviroment1":"-1350","Society2":"-900","Financial2":"0","Enviroment2":"450"},{"ID":"71","Character":"ui_icon_headshot02","QuestionTitle":"農業開發","QuestionContent":"為了減少病蟲害，應該要讓農民使用農藥，增加農作物產量","YesText":"有道理","NoText":"才不是","Society1":"450","Financial1":"0","Enviroment1":"-900","Society2":"-900","Financial2":"0","Enviroment2":"450"},{"ID":"72","Character":"ui_icon_headshot03","QuestionTitle":"交通修補","QuestionContent":"炎熱的天氣會導致鐵軌變形、飛機起飛的空氣動力被破壞，好危險啊，需要更多經費維護大家的安全～","YesText":"沒錯","NoText":"不要","Society1":"900","Financial1":"-1350","Enviroment1":"0","Society2":"-900","Financial2":"450","Enviroment2":"0"},{"ID":"73","Character":"ui_icon_headshot02","QuestionTitle":"核電廠","QuestionContent":"興建核能發電廠，對氣候變遷影響較小，只要有效管理即可","YesText":"有道理","NoText":"我再想想","Society1":"-450","Financial1":"450","Enviroment1":"450","Society2":"450","Financial2":"-900","Enviroment2":"-900"},{"ID":"74","Character":"ui_icon_headshot02","QuestionTitle":"開發砂石","QuestionContent":"開採砂石這種蠅頭小利，我個人是沒什麼興趣的，雖然有利可圖，但沒什麼必要","YesText":"有道理","NoText":"才不是","Society1":"450","Financial1":"-450","Enviroment1":"900","Society2":"-900","Financial2":"1350","Enviroment2":"-900"},{"ID":"75","Character":"ui_icon_headshot01","QuestionTitle":"開發濕地","QuestionContent":"濕地能穩定海岸、淨化水質，政府應該防止唯利是圖的商人亂開發","YesText":"好喔","NoText":"不要","Society1":"450","Financial1":"0","Enviroment1":"450","Society2":"-450","Financial2":"1350","Enviroment2":"-900"},{"ID":"76","Character":"ui_icon_headshot02","QuestionTitle":"建設網路","QuestionContent":"建設5G網路，可以增加國家在電信上的競爭力，應該要投入研發，保持技術領先","YesText":"有道理","NoText":"我再想想","Society1":"450","Financial1":"-1350","Enviroment1":"0","Society2":"-900","Financial2":"0","Enviroment2":"0"},{"ID":"77","Character":"ui_icon_headshot04","QuestionTitle":"都市開發","QuestionContent":"不要為了都市開發，就任由商人收購、拆除這些具有傳統特色的老建築了～","YesText":"有道理","NoText":"我再想想","Society1":"900","Financial1":"-450","Enviroment1":"0","Society2":"-450","Financial2":"1350","Enviroment2":"0"},{"ID":"78","Character":"ui_icon_headshot01","QuestionTitle":"煉油廠","QuestionContent":"產業該轉型了，現在還要建設煉油廠，打造石化重鎮，這可不是個好主意啊！","YesText":"有道理","NoText":"才不是","Society1":"900","Financial1":"-450","Enviroment1":"450","Society2":"-900","Financial2":"900","Enviroment2":"-900"},{"ID":"79","Character":"ui_icon_headshot04","QuestionTitle":"時尚產業","QuestionContent":"快時尚真是太棒了，每季都有美美的新衣穿，又可促進人流消費","YesText":"沒錯","NoText":"才不是","Society1":"450","Financial1":"900","Enviroment1":"-1350","Society2":"-450","Financial2":"0","Enviroment2":"900"},{"ID":"80","Character":"ui_icon_headshot01","QuestionTitle":"山坡使用","QuestionContent":"山坡地本來就不該蓋高山民宿，簡直破壞生態！","YesText":"沒錯","NoText":"不對","Society1":"-450","Financial1":"-450","Enviroment1":"900","Society2":"900","Financial2":"900","Enviroment2":"-1350"},{"ID":"81","Character":"ui_icon_headshot03","QuestionTitle":"開發道路","QuestionContent":"應該要開發山區、偏鄉的產業道路，讓鄉村居民生活更便利～","YesText":"就這麼做","NoText":"不太好","Society1":"450","Financial1":"-450","Enviroment1":"-900","Society2":"-900","Financial2":"0","Enviroment2":"450"},{"ID":"82","Character":"ui_icon_headshot03","QuestionTitle":"外來種","QuestionContent":"應該要引進外來植物，既美觀，又可當作肥料！","YesText":"有道理","NoText":"不太好","Society1":"1350","Financial1":"900","Enviroment1":"-1350","Society2":"-900","Financial2":"0","Enviroment2":"450"},{"ID":"83","Character":"ui_icon_headshot03","QuestionTitle":"抽地下水","QuestionContent":"雨下的少，也不能讓工廠和農地亂抽地下水呀，上次隔壁社區的地層都下陷了，好危險~","YesText":"有道理","NoText":"才不是","Society1":"900","Financial1":"-900","Enviroment1":"450","Society2":"-450","Financial2":"900","Enviroment2":"-1350"},{"ID":"84","Character":"ui_icon_headshot02","QuestionTitle":"火力發電","QuestionContent":"最近國際訂單爆量，用電需求愈來愈大，應該盡快興建火力發電廠，補充供電量","YesText":"就這麼做","NoText":"我再想想","Society1":"-450","Financial1":"900","Enviroment1":"-1350","Society2":"450","Financial2":"-900","Enviroment2":"900"}]}